date,brand,date_type,day_of_week,date_map,day_of_year,week_of_year
1107,7,2,4,2016-05-05,126,19
1107,8,2,4,2016-05-05,126,19
1107,9,2,4,2016-05-05,126,19
1107,10,2,4,2016-05-05,126,19
1108,1,2,5,2016-05-06,127,19
1108,2,2,5,2016-05-06,127,19
1108,3,2,5,2016-05-06,127,19
1108,4,2,5,2016-05-06,127,19
1108,5,2,5,2016-05-06,127,19
1108,6,2,5,2016-05-06,127,19
1108,7,2,5,2016-05-06,127,19
1108,8,2,5,2016-05-06,127,19
1108,9,2,5,2016-05-06,127,19
1108,10,2,5,2016-05-06,127,19
1109,1,3,6,2016-05-07,128,19
1109,2,3,6,2016-05-07,128,19
1109,3,3,6,2016-05-07,128,19
1109,4,3,6,2016-05-07,128,19
1109,5,3,6,2016-05-07,128,19
1109,6,3,6,2016-05-07,128,19
1109,7,3,6,2016-05-07,128,19
1109,8,3,6,2016-05-07,128,19
1109,9,3,6,2016-05-07,128,19
1109,10,3,6,2016-05-07,128,19
1110,9,3,7,2016-05-08,129,19
1111,1,2,1,2016-05-09,130,20
1111,2,2,1,2016-05-09,130,20
1111,3,2,1,2016-05-09,130,20
1111,4,2,1,2016-05-09,130,20
1111,5,2,1,2016-05-09,130,20
1111,6,2,1,2016-05-09,130,20
1111,7,2,1,2016-05-09,130,20
1111,8,2,1,2016-05-09,130,20
1111,9,2,1,2016-05-09,130,20
1111,10,2,1,2016-05-09,130,20
1112,1,2,2,2016-05-10,131,20
1112,2,2,2,2016-05-10,131,20
1112,3,2,2,2016-05-10,131,20
1112,4,2,2,2016-05-10,131,20
1112,5,2,2,2016-05-10,131,20
1112,6,2,2,2016-05-10,131,20
1112,7,2,2,2016-05-10,131,20
1112,8,2,2,2016-05-10,131,20
1112,9,2,2,2016-05-10,131,20
1112,10,2,2,2016-05-10,131,20
1113,1,2,3,2016-05-11,132,20
1113,2,2,3,2016-05-11,132,20
1113,3,2,3,2016-05-11,132,20
1113,4,2,3,2016-05-11,132,20
1113,5,2,3,2016-05-11,132,20
1113,6,2,3,2016-05-11,132,20
1113,7,2,3,2016-05-11,132,20
1113,8,2,3,2016-05-11,132,20
1113,9,2,3,2016-05-11,132,20
1113,10,2,3,2016-05-11,132,20
1114,1,2,4,2016-05-12,133,20
1114,2,2,4,2016-05-12,133,20
1114,3,2,4,2016-05-12,133,20
1114,4,2,4,2016-05-12,133,20
1114,5,2,4,2016-05-12,133,20
1114,6,2,4,2016-05-12,133,20
1114,7,2,4,2016-05-12,133,20
1114,8,2,4,2016-05-12,133,20
1114,9,2,4,2016-05-12,133,20
1114,10,2,4,2016-05-12,133,20
1115,1,2,5,2016-05-13,134,20
1115,2,2,5,2016-05-13,134,20
1115,3,2,5,2016-05-13,134,20
1115,4,2,5,2016-05-13,134,20
1115,5,2,5,2016-05-13,134,20
1115,6,2,5,2016-05-13,134,20
1115,7,2,5,2016-05-13,134,20
1115,8,2,5,2016-05-13,134,20
1115,9,2,5,2016-05-13,134,20
1115,10,2,5,2016-05-13,134,20
1116,1,3,6,2016-05-14,135,20
1116,2,3,6,2016-05-14,135,20
1116,3,3,6,2016-05-14,135,20
1116,4,3,6,2016-05-14,135,20
1116,5,3,6,2016-05-14,135,20
1116,6,3,6,2016-05-14,135,20
1116,7,3,6,2016-05-14,135,20
1116,8,3,6,2016-05-14,135,20
1116,9,3,6,2016-05-14,135,20
1116,10,3,6,2016-05-14,135,20
1117,1,2,1,2016-05-16,137,21
1117,2,2,1,2016-05-16,137,21
1117,3,2,1,2016-05-16,137,21
1117,4,2,1,2016-05-16,137,21
1117,5,2,1,2016-05-16,137,21
1117,6,2,1,2016-05-16,137,21
1117,7,2,1,2016-05-16,137,21
1117,8,2,1,2016-05-16,137,21
1117,9,2,1,2016-05-16,137,21
1117,10,2,1,2016-05-16,137,21
1118,1,2,2,2016-05-17,138,21
1118,2,2,2,2016-05-17,138,21
1118,3,2,2,2016-05-17,138,21
1118,4,2,2,2016-05-17,138,21
1118,5,2,2,2016-05-17,138,21
1118,6,2,2,2016-05-17,138,21
1118,7,2,2,2016-05-17,138,21
1118,8,2,2,2016-05-17,138,21
1118,9,2,2,2016-05-17,138,21
1118,10,2,2,2016-05-17,138,21
1119,1,2,3,2016-05-18,139,21
1119,2,2,3,2016-05-18,139,21
1119,3,2,3,2016-05-18,139,21
1119,4,2,3,2016-05-18,139,21
1119,5,2,3,2016-05-18,139,21
1119,6,2,3,2016-05-18,139,21
1119,7,2,3,2016-05-18,139,21
1119,8,2,3,2016-05-18,139,21
1119,9,2,3,2016-05-18,139,21
1119,10,2,3,2016-05-18,139,21
1120,1,2,4,2016-05-19,140,21
1120,2,2,4,2016-05-19,140,21
1120,3,2,4,2016-05-19,140,21
1120,4,2,4,2016-05-19,140,21
1120,5,2,4,2016-05-19,140,21
1120,6,2,4,2016-05-19,140,21
1120,7,2,4,2016-05-19,140,21
1120,8,2,4,2016-05-19,140,21
1120,9,2,4,2016-05-19,140,21
1120,10,2,4,2016-05-19,140,21
1121,1,2,5,2016-05-20,141,21
1121,2,2,5,2016-05-20,141,21
1121,3,2,5,2016-05-20,141,21
1121,4,2,5,2016-05-20,141,21
1121,5,2,5,2016-05-20,141,21
1121,6,2,5,2016-05-20,141,21
1121,7,2,5,2016-05-20,141,21
1121,8,2,5,2016-05-20,141,21
1121,9,2,5,2016-05-20,141,21
1121,10,2,5,2016-05-20,141,21
1122,1,3,6,2016-05-21,142,21
1122,2,3,6,2016-05-21,142,21
1122,3,3,6,2016-05-21,142,21
1122,4,3,6,2016-05-21,142,21
1122,5,3,6,2016-05-21,142,21
1122,6,3,6,2016-05-21,142,21
1122,7,3,6,2016-05-21,142,21
1122,8,3,6,2016-05-21,142,21
1122,9,3,6,2016-05-21,142,21
1122,10,3,6,2016-05-21,142,21
1123,1,2,1,2016-05-23,144,22
1123,2,2,1,2016-05-23,144,22
1123,3,2,1,2016-05-23,144,22
1123,4,2,1,2016-05-23,144,22
1123,5,2,1,2016-05-23,144,22
1123,6,2,1,2016-05-23,144,22
1123,7,2,1,2016-05-23,144,22
1123,8,2,1,2016-05-23,144,22
1123,9,2,1,2016-05-23,144,22
1123,10,2,1,2016-05-23,144,22
1124,1,2,2,2016-05-24,145,22
1124,2,2,2,2016-05-24,145,22
1124,3,2,2,2016-05-24,145,22
1124,4,2,2,2016-05-24,145,22
1124,5,2,2,2016-05-24,145,22
1124,6,2,2,2016-05-24,145,22
1124,7,2,2,2016-05-24,145,22
1124,8,2,2,2016-05-24,145,22
1124,9,2,2,2016-05-24,145,22
1124,10,2,2,2016-05-24,145,22
1125,1,2,3,2016-05-25,146,22
1125,2,2,3,2016-05-25,146,22
1125,3,2,3,2016-05-25,146,22
1125,4,2,3,2016-05-25,146,22
1125,5,2,3,2016-05-25,146,22
1125,6,2,3,2016-05-25,146,22
1125,7,2,3,2016-05-25,146,22
1125,8,2,3,2016-05-25,146,22
1125,9,2,3,2016-05-25,146,22
1125,10,2,3,2016-05-25,146,22
1126,1,2,4,2016-05-26,147,22
1126,2,2,4,2016-05-26,147,22
1126,3,2,4,2016-05-26,147,22
1126,4,2,4,2016-05-26,147,22
1126,5,2,4,2016-05-26,147,22
1126,6,2,4,2016-05-26,147,22
1126,7,2,4,2016-05-26,147,22
1126,8,2,4,2016-05-26,147,22
1126,9,2,4,2016-05-26,147,22
1126,10,2,4,2016-05-26,147,22
1127,1,2,5,2016-05-27,148,22
1127,2,2,5,2016-05-27,148,22
1127,3,2,5,2016-05-27,148,22
1127,4,2,5,2016-05-27,148,22
1127,5,2,5,2016-05-27,148,22
1127,6,2,5,2016-05-27,148,22
1127,7,2,5,2016-05-27,148,22
1127,8,2,5,2016-05-27,148,22
1127,9,2,5,2016-05-27,148,22
1127,10,2,5,2016-05-27,148,22
1128,1,3,6,2016-05-28,149,22
1128,2,3,6,2016-05-28,149,22
1128,3,3,6,2016-05-28,149,22
1128,4,3,6,2016-05-28,149,22
1128,5,3,6,2016-05-28,149,22
1128,6,3,6,2016-05-28,149,22
1128,7,3,6,2016-05-28,149,22
1128,8,3,6,2016-05-28,149,22
1128,9,3,6,2016-05-28,149,22
1129,1,2,1,2016-05-30,151,23
1129,2,2,1,2016-05-30,151,23
1129,3,2,1,2016-05-30,151,23
1129,4,2,1,2016-05-30,151,23
1129,5,2,1,2016-05-30,151,23
1129,6,2,1,2016-05-30,151,23
1129,7,2,1,2016-05-30,151,23
1129,8,2,1,2016-05-30,151,23
1129,9,2,1,2016-05-30,151,23
1129,10,2,1,2016-05-30,151,23
1130,1,2,2,2016-05-31,152,23
1130,2,2,2,2016-05-31,152,23
1130,3,2,2,2016-05-31,152,23
1130,4,2,2,2016-05-31,152,23
1130,5,2,2,2016-05-31,152,23
1130,6,2,2,2016-05-31,152,23
1130,7,2,2,2016-05-31,152,23
1130,8,2,2,2016-05-31,152,23
1130,9,2,2,2016-05-31,152,23
1130,10,2,2,2016-05-31,152,23
1131,1,2,3,2016-06-01,153,23
1131,2,2,3,2016-06-01,153,23
1131,3,2,3,2016-06-01,153,23
1131,4,2,3,2016-06-01,153,23
1131,5,2,3,2016-06-01,153,23
1131,6,2,3,2016-06-01,153,23
1131,7,2,3,2016-06-01,153,23
1131,8,2,3,2016-06-01,153,23
1131,9,2,3,2016-06-01,153,23
1131,10,2,3,2016-06-01,153,23
1132,1,2,4,2016-06-02,154,23
1132,2,2,4,2016-06-02,154,23
1132,3,2,4,2016-06-02,154,23
1132,4,2,4,2016-06-02,154,23
1132,5,2,4,2016-06-02,154,23
1132,6,2,4,2016-06-02,154,23
1132,7,2,4,2016-06-02,154,23
1132,8,2,4,2016-06-02,154,23
1132,9,2,4,2016-06-02,154,23
1132,10,2,4,2016-06-02,154,23
1133,1,2,5,2016-06-03,155,23
1133,2,2,5,2016-06-03,155,23
1133,3,2,5,2016-06-03,155,23
1133,4,2,5,2016-06-03,155,23
1133,5,2,5,2016-06-03,155,23
1133,6,2,5,2016-06-03,155,23
1133,7,2,5,2016-06-03,155,23
1133,8,2,5,2016-06-03,155,23
1133,9,2,5,2016-06-03,155,23
1133,10,2,5,2016-06-03,155,23
1134,1,3,6,2016-06-04,156,23
1134,2,3,6,2016-06-04,156,23
1134,3,3,6,2016-06-04,156,23
1134,4,3,6,2016-06-04,156,23
1134,5,3,6,2016-06-04,156,23
1134,6,3,6,2016-06-04,156,23
1134,7,3,6,2016-06-04,156,23
1134,8,3,6,2016-06-04,156,23
1134,9,3,6,2016-06-04,156,23
1134,10,3,6,2016-06-04,156,23
1135,1,2,1,2016-06-06,158,24
1135,2,2,1,2016-06-06,158,24
1135,3,2,1,2016-06-06,158,24
1135,4,2,1,2016-06-06,158,24
1135,5,2,1,2016-06-06,158,24
1135,6,2,1,2016-06-06,158,24
1135,7,2,1,2016-06-06,158,24
1135,8,2,1,2016-06-06,158,24
1135,9,2,1,2016-06-06,158,24
1135,10,2,1,2016-06-06,158,24
1136,1,2,2,2016-06-07,159,24
1136,2,2,2,2016-06-07,159,24
1136,3,2,2,2016-06-07,159,24
1136,4,2,2,2016-06-07,159,24
1136,5,2,2,2016-06-07,159,24
1136,6,2,2,2016-06-07,159,24
1136,7,2,2,2016-06-07,159,24
1136,8,2,2,2016-06-07,159,24
1136,9,2,2,2016-06-07,159,24
1136,10,2,2,2016-06-07,159,24
1137,1,2,3,2016-06-08,160,24
1137,2,2,3,2016-06-08,160,24
1137,3,2,3,2016-06-08,160,24
1137,4,2,3,2016-06-08,160,24
1137,5,2,3,2016-06-08,160,24
1137,6,2,3,2016-06-08,160,24
1137,7,2,3,2016-06-08,160,24
1137,8,2,3,2016-06-08,160,24
1137,9,2,3,2016-06-08,160,24
1137,10,2,3,2016-06-08,160,24
1138,3,1,4,2016-06-09,161,24
1138,4,1,4,2016-06-09,161,24
1138,9,1,4,2016-06-09,161,24
1139,9,1,5,2016-06-10,162,24
1140,1,0,7,2016-06-12,164,24
1140,2,0,7,2016-06-12,164,24
1140,3,0,7,2016-06-12,164,24
1140,4,0,7,2016-06-12,164,24
1140,5,0,7,2016-06-12,164,24
1140,6,0,7,2016-06-12,164,24
1140,7,0,7,2016-06-12,164,24
1140,8,0,7,2016-06-12,164,24
1140,9,0,7,2016-06-12,164,24
1140,10,0,7,2016-06-12,164,24
1141,1,2,1,2016-06-13,165,25
1141,2,2,1,2016-06-13,165,25
1141,3,2,1,2016-06-13,165,25
1141,4,2,1,2016-06-13,165,25
1141,5,2,1,2016-06-13,165,25
1141,6,2,1,2016-06-13,165,25
1141,7,2,1,2016-06-13,165,25
1141,8,2,1,2016-06-13,165,25
1141,9,2,1,2016-06-13,165,25
1141,10,2,1,2016-06-13,165,25
1142,1,2,2,2016-06-14,166,25
1142,2,2,2,2016-06-14,166,25
1142,3,2,2,2016-06-14,166,25
1142,4,2,2,2016-06-14,166,25
1142,5,2,2,2016-06-14,166,25
1142,6,2,2,2016-06-14,166,25
1142,7,2,2,2016-06-14,166,25
1142,8,2,2,2016-06-14,166,25
1142,9,2,2,2016-06-14,166,25
1142,10,2,2,2016-06-14,166,25
1143,1,2,3,2016-06-15,167,25
1143,2,2,3,2016-06-15,167,25
1143,3,2,3,2016-06-15,167,25
1143,4,2,3,2016-06-15,167,25
1143,5,2,3,2016-06-15,167,25
1143,6,2,3,2016-06-15,167,25
1143,7,2,3,2016-06-15,167,25
1143,8,2,3,2016-06-15,167,25
1143,9,2,3,2016-06-15,167,25
1143,10,2,3,2016-06-15,167,25
1144,1,2,4,2016-06-16,168,25
1144,2,2,4,2016-06-16,168,25
1144,3,2,4,2016-06-16,168,25
1144,4,2,4,2016-06-16,168,25
1144,5,2,4,2016-06-16,168,25
1144,6,2,4,2016-06-16,168,25
1144,7,2,4,2016-06-16,168,25
1144,8,2,4,2016-06-16,168,25
1144,9,2,4,2016-06-16,168,25
1144,10,2,4,2016-06-16,168,25
1145,1,2,5,2016-06-17,169,25
1145,2,2,5,2016-06-17,169,25
1145,3,2,5,2016-06-17,169,25
1145,4,2,5,2016-06-17,169,25
1145,5,2,5,2016-06-17,169,25
1145,6,2,5,2016-06-17,169,25
1145,7,2,5,2016-06-17,169,25
1145,8,2,5,2016-06-17,169,25
1145,9,2,5,2016-06-17,169,25
1145,10,2,5,2016-06-17,169,25
1146,1,3,6,2016-06-18,170,25
1146,2,3,6,2016-06-18,170,25
1146,3,3,6,2016-06-18,170,25
1146,4,3,6,2016-06-18,170,25
1146,5,3,6,2016-06-18,170,25
1146,6,3,6,2016-06-18,170,25
1146,7,3,6,2016-06-18,170,25
1146,8,3,6,2016-06-18,170,25
1146,9,3,6,2016-06-18,170,25
1147,9,3,7,2016-06-19,171,25
1148,1,2,1,2016-06-20,172,26
1148,2,2,1,2016-06-20,172,26
1148,3,2,1,2016-06-20,172,26
1148,4,2,1,2016-06-20,172,26
1148,5,2,1,2016-06-20,172,26
1148,6,2,1,2016-06-20,172,26
1148,7,2,1,2016-06-20,172,26
1148,8,2,1,2016-06-20,172,26
1148,9,2,1,2016-06-20,172,26
1148,10,2,1,2016-06-20,172,26
1149,1,2,2,2016-06-21,173,26
1149,2,2,2,2016-06-21,173,26
1149,3,2,2,2016-06-21,173,26
1149,4,2,2,2016-06-21,173,26
1149,5,2,2,2016-06-21,173,26
1149,6,2,2,2016-06-21,173,26
1149,7,2,2,2016-06-21,173,26
1149,8,2,2,2016-06-21,173,26
1149,9,2,2,2016-06-21,173,26
1149,10,2,2,2016-06-21,173,26
1150,1,2,3,2016-06-22,174,26
1150,2,2,3,2016-06-22,174,26
1150,3,2,3,2016-06-22,174,26
1150,4,2,3,2016-06-22,174,26
1150,5,2,3,2016-06-22,174,26
1150,6,2,3,2016-06-22,174,26
1150,7,2,3,2016-06-22,174,26
1150,8,2,3,2016-06-22,174,26
1150,9,2,3,2016-06-22,174,26
1150,10,2,3,2016-06-22,174,26
1151,1,2,4,2016-06-23,175,26
1151,2,2,4,2016-06-23,175,26
1151,3,2,4,2016-06-23,175,26
1151,4,2,4,2016-06-23,175,26
1151,5,2,4,2016-06-23,175,26
1151,6,2,4,2016-06-23,175,26
1151,7,2,4,2016-06-23,175,26
1151,8,2,4,2016-06-23,175,26
1151,9,2,4,2016-06-23,175,26
1151,10,2,4,2016-06-23,175,26
1152,1,2,5,2016-06-24,176,26
1152,2,2,5,2016-06-24,176,26
1152,3,2,5,2016-06-24,176,26
1152,4,2,5,2016-06-24,176,26
1152,5,2,5,2016-06-24,176,26
1152,6,2,5,2016-06-24,176,26
1152,7,2,5,2016-06-24,176,26
1152,8,2,5,2016-06-24,176,26
1152,9,2,5,2016-06-24,176,26
1152,10,2,5,2016-06-24,176,26
1153,1,3,6,2016-06-25,177,26
1153,2,3,6,2016-06-25,177,26
1153,3,3,6,2016-06-25,177,26
1153,4,3,6,2016-06-25,177,26
1153,5,3,6,2016-06-25,177,26
1153,6,3,6,2016-06-25,177,26
1153,7,3,6,2016-06-25,177,26
1153,8,3,6,2016-06-25,177,26
1153,9,3,6,2016-06-25,177,26
1153,10,3,6,2016-06-25,177,26
1154,3,3,7,2016-06-26,178,26
1154,7,3,7,2016-06-26,178,26
1154,9,3,7,2016-06-26,178,26
1155,1,2,1,2016-06-27,179,27
1155,2,2,1,2016-06-27,179,27
1155,3,2,1,2016-06-27,179,27
1155,4,2,1,2016-06-27,179,27
1155,5,2,1,2016-06-27,179,27
1155,6,2,1,2016-06-27,179,27
1155,7,2,1,2016-06-27,179,27
1155,8,2,1,2016-06-27,179,27
1155,9,2,1,2016-06-27,179,27
1155,10,2,1,2016-06-27,179,27
1156,1,2,2,2016-06-28,180,27
1156,2,2,2,2016-06-28,180,27
1156,3,2,2,2016-06-28,180,27
1156,4,2,2,2016-06-28,180,27
1156,5,2,2,2016-06-28,180,27
1156,6,2,2,2016-06-28,180,27
1156,7,2,2,2016-06-28,180,27
1156,8,2,2,2016-06-28,180,27
1156,9,2,2,2016-06-28,180,27
1156,10,2,2,2016-06-28,180,27
1157,1,2,3,2016-06-29,181,27
1157,2,2,3,2016-06-29,181,27
1157,3,2,3,2016-06-29,181,27
1157,4,2,3,2016-06-29,181,27
1157,5,2,3,2016-06-29,181,27
1157,6,2,3,2016-06-29,181,27
1157,7,2,3,2016-06-29,181,27
1157,8,2,3,2016-06-29,181,27
1157,9,2,3,2016-06-29,181,27
1157,10,2,3,2016-06-29,181,27
1158,1,2,4,2016-06-30,182,27
1158,2,2,4,2016-06-30,182,27
1158,3,2,4,2016-06-30,182,27
1158,4,2,4,2016-06-30,182,27
1158,5,2,4,2016-06-30,182,27
1158,6,2,4,2016-06-30,182,27
1158,7,2,4,2016-06-30,182,27
1158,8,2,4,2016-06-30,182,27
1158,9,2,4,2016-06-30,182,27
1158,10,2,4,2016-06-30,182,27
1159,1,2,5,2016-07-01,183,27
1159,2,2,5,2016-07-01,183,27
1159,3,2,5,2016-07-01,183,27
1159,4,2,5,2016-07-01,183,27
1159,5,2,5,2016-07-01,183,27
1159,6,2,5,2016-07-01,183,27
1159,7,2,5,2016-07-01,183,27
1159,8,2,5,2016-07-01,183,27
1159,9,2,5,2016-07-01,183,27
1159,10,2,5,2016-07-01,183,27
1160,1,3,6,2016-07-02,184,27
1160,2,3,6,2016-07-02,184,27
1160,3,3,6,2016-07-02,184,27
1160,4,3,6,2016-07-02,184,27
1160,5,3,6,2016-07-02,184,27
1160,6,3,6,2016-07-02,184,27
1160,7,3,6,2016-07-02,184,27
1160,8,3,6,2016-07-02,184,27
1160,9,3,6,2016-07-02,184,27
1160,10,3,6,2016-07-02,184,27
1161,9,3,7,2016-07-03,185,27
1162,1,2,1,2016-07-04,186,28
1162,2,2,1,2016-07-04,186,28
1162,3,2,1,2016-07-04,186,28
1162,4,2,1,2016-07-04,186,28
1162,5,2,1,2016-07-04,186,28
1162,6,2,1,2016-07-04,186,28
1162,7,2,1,2016-07-04,186,28
1162,8,2,1,2016-07-04,186,28
1162,9,2,1,2016-07-04,186,28
1162,10,2,1,2016-07-04,186,28
1163,1,2,2,2016-07-05,187,28
1163,2,2,2,2016-07-05,187,28
1163,3,2,2,2016-07-05,187,28
1163,4,2,2,2016-07-05,187,28
1163,5,2,2,2016-07-05,187,28
1163,6,2,2,2016-07-05,187,28
1163,7,2,2,2016-07-05,187,28
1163,8,2,2,2016-07-05,187,28
1163,9,2,2,2016-07-05,187,28
1163,10,2,2,2016-07-05,187,28
1164,1,2,3,2016-07-06,188,28
1164,2,2,3,2016-07-06,188,28
1164,3,2,3,2016-07-06,188,28
1164,4,2,3,2016-07-06,188,28
1164,5,2,3,2016-07-06,188,28
1164,6,2,3,2016-07-06,188,28
1164,7,2,3,2016-07-06,188,28
1164,8,2,3,2016-07-06,188,28
1164,9,2,3,2016-07-06,188,28
1164,10,2,3,2016-07-06,188,28
1165,1,2,4,2016-07-07,189,28
1165,2,2,4,2016-07-07,189,28
1165,3,2,4,2016-07-07,189,28
1165,4,2,4,2016-07-07,189,28
1165,5,2,4,2016-07-07,189,28
1165,6,2,4,2016-07-07,189,28
1165,7,2,4,2016-07-07,189,28
1165,8,2,4,2016-07-07,189,28
1165,9,2,4,2016-07-07,189,28
1165,10,2,4,2016-07-07,189,28
1166,1,2,5,2016-07-08,190,28
1166,2,2,5,2016-07-08,190,28
1166,3,2,5,2016-07-08,190,28
1166,4,2,5,2016-07-08,190,28
1166,5,2,5,2016-07-08,190,28
1166,6,2,5,2016-07-08,190,28
1166,7,2,5,2016-07-08,190,28
1166,8,2,5,2016-07-08,190,28
1166,9,2,5,2016-07-08,190,28
1166,10,2,5,2016-07-08,190,28
1167,1,3,6,2016-07-09,191,28
1167,3,3,6,2016-07-09,191,28
1167,4,3,6,2016-07-09,191,28
1167,5,3,6,2016-07-09,191,28
1167,6,3,6,2016-07-09,191,28
1167,7,3,6,2016-07-09,191,28
1167,8,3,6,2016-07-09,191,28
1167,9,3,6,2016-07-09,191,28
1167,10,3,6,2016-07-09,191,28
1168,1,2,1,2016-07-11,193,29
1168,2,2,1,2016-07-11,193,29
1168,3,2,1,2016-07-11,193,29
1168,4,2,1,2016-07-11,193,29
1168,5,2,1,2016-07-11,193,29
1168,6,2,1,2016-07-11,193,29
1168,7,2,1,2016-07-11,193,29
1168,8,2,1,2016-07-11,193,29
1168,9,2,1,2016-07-11,193,29
1168,10,2,1,2016-07-11,193,29
1169,1,2,2,2016-07-12,194,29
1169,2,2,2,2016-07-12,194,29
1169,3,2,2,2016-07-12,194,29
1169,4,2,2,2016-07-12,194,29
1169,5,2,2,2016-07-12,194,29
1169,6,2,2,2016-07-12,194,29
1169,7,2,2,2016-07-12,194,29
1169,8,2,2,2016-07-12,194,29
1169,9,2,2,2016-07-12,194,29
1169,10,2,2,2016-07-12,194,29
1170,1,2,3,2016-07-13,195,29
1170,2,2,3,2016-07-13,195,29
1170,3,2,3,2016-07-13,195,29
1170,4,2,3,2016-07-13,195,29
1170,5,2,3,2016-07-13,195,29
1170,6,2,3,2016-07-13,195,29
1170,7,2,3,2016-07-13,195,29
1170,8,2,3,2016-07-13,195,29
1170,9,2,3,2016-07-13,195,29
1170,10,2,3,2016-07-13,195,29
1171,1,2,4,2016-07-14,196,29
1171,2,2,4,2016-07-14,196,29
1171,3,2,4,2016-07-14,196,29
1171,4,2,4,2016-07-14,196,29
1171,5,2,4,2016-07-14,196,29
1171,6,2,4,2016-07-14,196,29
1171,7,2,4,2016-07-14,196,29
1171,8,2,4,2016-07-14,196,29
1171,9,2,4,2016-07-14,196,29
1171,10,2,4,2016-07-14,196,29
1172,1,2,5,2016-07-15,197,29
1172,2,2,5,2016-07-15,197,29
1172,3,2,5,2016-07-15,197,29
1172,4,2,5,2016-07-15,197,29
1172,5,2,5,2016-07-15,197,29
1172,6,2,5,2016-07-15,197,29
1172,7,2,5,2016-07-15,197,29
1172,8,2,5,2016-07-15,197,29
1172,9,2,5,2016-07-15,197,29
1172,10,2,5,2016-07-15,197,29
1173,1,3,6,2016-07-16,198,29
1173,2,3,6,2016-07-16,198,29
1173,3,3,6,2016-07-16,198,29
1173,4,3,6,2016-07-16,198,29
1173,5,3,6,2016-07-16,198,29
1173,6,3,6,2016-07-16,198,29
1173,7,3,6,2016-07-16,198,29
1173,8,3,6,2016-07-16,198,29
1173,9,3,6,2016-07-16,198,29
1174,1,2,1,2016-07-18,200,30
1174,2,2,1,2016-07-18,200,30
1174,3,2,1,2016-07-18,200,30
1174,4,2,1,2016-07-18,200,30
1174,5,2,1,2016-07-18,200,30
1174,6,2,1,2016-07-18,200,30
1174,7,2,1,2016-07-18,200,30
1174,8,2,1,2016-07-18,200,30
1174,9,2,1,2016-07-18,200,30
1174,10,2,1,2016-07-18,200,30
1175,1,2,2,2016-07-19,201,30
1175,2,2,2,2016-07-19,201,30
1175,3,2,2,2016-07-19,201,30
1175,4,2,2,2016-07-19,201,30
1175,5,2,2,2016-07-19,201,30
1175,6,2,2,2016-07-19,201,30
1175,7,2,2,2016-07-19,201,30
1175,8,2,2,2016-07-19,201,30
1175,9,2,2,2016-07-19,201,30
1175,10,2,2,2016-07-19,201,30
1176,1,2,3,2016-07-20,202,30
1176,2,2,3,2016-07-20,202,30
1176,3,2,3,2016-07-20,202,30
1176,4,2,3,2016-07-20,202,30
1176,5,2,3,2016-07-20,202,30
1176,6,2,3,2016-07-20,202,30
1176,7,2,3,2016-07-20,202,30
1176,8,2,3,2016-07-20,202,30
1176,9,2,3,2016-07-20,202,30
1176,10,2,3,2016-07-20,202,30
1177,1,2,4,2016-07-21,203,30
1177,2,2,4,2016-07-21,203,30
1177,3,2,4,2016-07-21,203,30
1177,4,2,4,2016-07-21,203,30
1177,5,2,4,2016-07-21,203,30
1177,6,2,4,2016-07-21,203,30
1177,7,2,4,2016-07-21,203,30
1177,8,2,4,2016-07-21,203,30
1177,9,2,4,2016-07-21,203,30
1177,10,2,4,2016-07-21,203,30
1178,1,2,5,2016-07-22,204,30
1178,2,2,5,2016-07-22,204,30
1178,3,2,5,2016-07-22,204,30
1178,4,2,5,2016-07-22,204,30
1178,5,2,5,2016-07-22,204,30
1178,6,2,5,2016-07-22,204,30
1178,7,2,5,2016-07-22,204,30
1178,8,2,5,2016-07-22,204,30
1178,9,2,5,2016-07-22,204,30
1178,10,2,5,2016-07-22,204,30
1179,1,3,6,2016-07-23,205,30
1179,3,3,6,2016-07-23,205,30
1179,4,3,6,2016-07-23,205,30
1179,5,3,6,2016-07-23,205,30
1179,6,3,6,2016-07-23,205,30
1179,7,3,6,2016-07-23,205,30
1179,8,3,6,2016-07-23,205,30
1179,9,3,6,2016-07-23,205,30
1179,10,3,6,2016-07-23,205,30
1180,1,2,1,2016-07-25,207,31
1180,2,2,1,2016-07-25,207,31
1180,3,2,1,2016-07-25,207,31
1180,4,2,1,2016-07-25,207,31
1180,5,2,1,2016-07-25,207,31
1180,6,2,1,2016-07-25,207,31
1180,7,2,1,2016-07-25,207,31
1180,8,2,1,2016-07-25,207,31
1180,9,2,1,2016-07-25,207,31
1180,10,2,1,2016-07-25,207,31
1181,1,2,2,2016-07-26,208,31
1181,2,2,2,2016-07-26,208,31
1181,3,2,2,2016-07-26,208,31
1181,4,2,2,2016-07-26,208,31
1181,5,2,2,2016-07-26,208,31
1181,6,2,2,2016-07-26,208,31
1181,7,2,2,2016-07-26,208,31
1181,8,2,2,2016-07-26,208,31
1181,9,2,2,2016-07-26,208,31
1181,10,2,2,2016-07-26,208,31
1182,1,2,3,2016-07-27,209,31
1182,2,2,3,2016-07-27,209,31
1182,3,2,3,2016-07-27,209,31
1182,4,2,3,2016-07-27,209,31
1182,5,2,3,2016-07-27,209,31
1182,6,2,3,2016-07-27,209,31
1182,7,2,3,2016-07-27,209,31
1182,8,2,3,2016-07-27,209,31
1182,9,2,3,2016-07-27,209,31
1182,10,2,3,2016-07-27,209,31
1183,1,2,4,2016-07-28,210,31
1183,2,2,4,2016-07-28,210,31
1183,3,2,4,2016-07-28,210,31
1183,4,2,4,2016-07-28,210,31
1183,5,2,4,2016-07-28,210,31
1183,6,2,4,2016-07-28,210,31
1183,7,2,4,2016-07-28,210,31
1183,8,2,4,2016-07-28,210,31
1183,9,2,4,2016-07-28,210,31
1183,10,2,4,2016-07-28,210,31
1184,1,2,5,2016-07-29,211,31
1184,2,2,5,2016-07-29,211,31
1184,3,2,5,2016-07-29,211,31
1184,4,2,5,2016-07-29,211,31
1184,5,2,5,2016-07-29,211,31
1184,6,2,5,2016-07-29,211,31
1184,7,2,5,2016-07-29,211,31
1184,8,2,5,2016-07-29,211,31
1184,9,2,5,2016-07-29,211,31
1184,10,2,5,2016-07-29,211,31
1185,2,3,6,2016-07-30,212,31
1185,3,3,6,2016-07-30,212,31
1185,4,3,6,2016-07-30,212,31
1185,5,3,6,2016-07-30,212,31
1185,6,3,6,2016-07-30,212,31
1185,7,3,6,2016-07-30,212,31
1185,8,3,6,2016-07-30,212,31
1185,9,3,6,2016-07-30,212,31
1185,10,3,6,2016-07-30,212,31
1186,1,2,1,2016-08-01,214,32
1186,2,2,1,2016-08-01,214,32
1186,3,2,1,2016-08-01,214,32
1186,4,2,1,2016-08-01,214,32
1186,5,2,1,2016-08-01,214,32
1186,6,2,1,2016-08-01,214,32
1186,7,2,1,2016-08-01,214,32
1186,8,2,1,2016-08-01,214,32
1186,9,2,1,2016-08-01,214,32
1186,10,2,1,2016-08-01,214,32
1187,1,2,2,2016-08-02,215,32
1187,2,2,2,2016-08-02,215,32
1187,3,2,2,2016-08-02,215,32
1187,4,2,2,2016-08-02,215,32
1187,5,2,2,2016-08-02,215,32
1187,6,2,2,2016-08-02,215,32
1187,7,2,2,2016-08-02,215,32
1187,8,2,2,2016-08-02,215,32
1187,9,2,2,2016-08-02,215,32
1187,10,2,2,2016-08-02,215,32
1188,1,2,3,2016-08-03,216,32
1188,2,2,3,2016-08-03,216,32
1188,3,2,3,2016-08-03,216,32
1188,4,2,3,2016-08-03,216,32
1188,5,2,3,2016-08-03,216,32
1188,6,2,3,2016-08-03,216,32
1188,7,2,3,2016-08-03,216,32
1188,8,2,3,2016-08-03,216,32
1188,9,2,3,2016-08-03,216,32
1188,10,2,3,2016-08-03,216,32
1189,1,2,4,2016-08-04,217,32
1189,2,2,4,2016-08-04,217,32
1189,3,2,4,2016-08-04,217,32
1189,4,2,4,2016-08-04,217,32
1189,5,2,4,2016-08-04,217,32
1189,6,2,4,2016-08-04,217,32
1189,7,2,4,2016-08-04,217,32
1189,8,2,4,2016-08-04,217,32
1189,9,2,4,2016-08-04,217,32
1189,10,2,4,2016-08-04,217,32
1190,1,2,5,2016-08-05,218,32
1190,2,2,5,2016-08-05,218,32
1190,3,2,5,2016-08-05,218,32
1190,4,2,5,2016-08-05,218,32
1190,5,2,5,2016-08-05,218,32
1190,6,2,5,2016-08-05,218,32
1190,7,2,5,2016-08-05,218,32
1190,8,2,5,2016-08-05,218,32
1190,9,2,5,2016-08-05,218,32
1190,10,2,5,2016-08-05,218,32
1191,1,3,6,2016-08-06,219,32
1191,3,3,6,2016-08-06,219,32
1191,4,3,6,2016-08-06,219,32
1191,5,3,6,2016-08-06,219,32
1191,6,3,6,2016-08-06,219,32
1191,7,3,6,2016-08-06,219,32
1191,8,3,6,2016-08-06,219,32
1191,9,3,6,2016-08-06,219,32
1191,10,3,6,2016-08-06,219,32
1192,1,2,1,2016-08-08,221,33
1192,2,2,1,2016-08-08,221,33
1192,3,2,1,2016-08-08,221,33
1192,4,2,1,2016-08-08,221,33
1192,5,2,1,2016-08-08,221,33
1192,6,2,1,2016-08-08,221,33
1192,7,2,1,2016-08-08,221,33
1192,8,2,1,2016-08-08,221,33
1192,9,2,1,2016-08-08,221,33
1192,10,2,1,2016-08-08,221,33
1193,1,2,2,2016-08-09,222,33
1193,2,2,2,2016-08-09,222,33
1193,3,2,2,2016-08-09,222,33
1193,4,2,2,2016-08-09,222,33
1193,5,2,2,2016-08-09,222,33
1193,6,2,2,2016-08-09,222,33
1193,7,2,2,2016-08-09,222,33
1193,8,2,2,2016-08-09,222,33
1193,9,2,2,2016-08-09,222,33
1193,10,2,2,2016-08-09,222,33
1194,1,2,3,2016-08-10,223,33
1194,2,2,3,2016-08-10,223,33
1194,3,2,3,2016-08-10,223,33
1194,4,2,3,2016-08-10,223,33
1194,5,2,3,2016-08-10,223,33
1194,6,2,3,2016-08-10,223,33
1194,7,2,3,2016-08-10,223,33
1194,8,2,3,2016-08-10,223,33
1194,9,2,3,2016-08-10,223,33
1194,10,2,3,2016-08-10,223,33
1195,1,2,4,2016-08-11,224,33
1195,2,2,4,2016-08-11,224,33
1195,3,2,4,2016-08-11,224,33
1195,4,2,4,2016-08-11,224,33
1195,5,2,4,2016-08-11,224,33
1195,6,2,4,2016-08-11,224,33
1195,7,2,4,2016-08-11,224,33
1195,8,2,4,2016-08-11,224,33
1195,9,2,4,2016-08-11,224,33
1195,10,2,4,2016-08-11,224,33
1196,1,2,5,2016-08-12,225,33
1196,2,2,5,2016-08-12,225,33
1196,3,2,5,2016-08-12,225,33
1196,4,2,5,2016-08-12,225,33
1196,5,2,5,2016-08-12,225,33
1196,6,2,5,2016-08-12,225,33
1196,7,2,5,2016-08-12,225,33
1196,8,2,5,2016-08-12,225,33
1196,9,2,5,2016-08-12,225,33
1196,10,2,5,2016-08-12,225,33
1197,1,3,6,2016-08-13,226,33
1197,2,3,6,2016-08-13,226,33
1197,3,3,6,2016-08-13,226,33
1197,4,3,6,2016-08-13,226,33
1197,5,3,6,2016-08-13,226,33
1197,6,3,6,2016-08-13,226,33
1197,7,3,6,2016-08-13,226,33
1197,8,3,6,2016-08-13,226,33
1197,9,3,6,2016-08-13,226,33
1197,10,3,6,2016-08-13,226,33
1198,1,2,1,2016-08-15,228,34
1198,2,2,1,2016-08-15,228,34
1198,3,2,1,2016-08-15,228,34
1198,4,2,1,2016-08-15,228,34
1198,5,2,1,2016-08-15,228,34
1198,6,2,1,2016-08-15,228,34
1198,7,2,1,2016-08-15,228,34
1198,8,2,1,2016-08-15,228,34
1198,9,2,1,2016-08-15,228,34
1198,10,2,1,2016-08-15,228,34
1199,1,2,2,2016-08-16,229,34
1199,2,2,2,2016-08-16,229,34
1199,3,2,2,2016-08-16,229,34
1199,4,2,2,2016-08-16,229,34
1199,5,2,2,2016-08-16,229,34
1199,6,2,2,2016-08-16,229,34
1199,7,2,2,2016-08-16,229,34
1199,8,2,2,2016-08-16,229,34
1199,9,2,2,2016-08-16,229,34
1199,10,2,2,2016-08-16,229,34
1200,1,2,3,2016-08-17,230,34
1200,2,2,3,2016-08-17,230,34
1200,3,2,3,2016-08-17,230,34
1200,4,2,3,2016-08-17,230,34
1200,5,2,3,2016-08-17,230,34
1200,6,2,3,2016-08-17,230,34
1200,7,2,3,2016-08-17,230,34
1200,8,2,3,2016-08-17,230,34
1200,9,2,3,2016-08-17,230,34
1200,10,2,3,2016-08-17,230,34
1201,1,2,4,2016-08-18,231,34
1201,2,2,4,2016-08-18,231,34
1201,3,2,4,2016-08-18,231,34
1201,4,2,4,2016-08-18,231,34
1201,5,2,4,2016-08-18,231,34
1201,6,2,4,2016-08-18,231,34
1201,7,2,4,2016-08-18,231,34
1201,8,2,4,2016-08-18,231,34
1201,9,2,4,2016-08-18,231,34
1201,10,2,4,2016-08-18,231,34
1202,1,2,5,2016-08-19,232,34
1202,2,2,5,2016-08-19,232,34
1202,3,2,5,2016-08-19,232,34
1202,4,2,5,2016-08-19,232,34
1202,5,2,5,2016-08-19,232,34
1202,6,2,5,2016-08-19,232,34
1202,7,2,5,2016-08-19,232,34
1202,8,2,5,2016-08-19,232,34
1202,9,2,5,2016-08-19,232,34
1202,10,2,5,2016-08-19,232,34
1203,1,3,6,2016-08-20,233,34
1203,3,3,6,2016-08-20,233,34
1203,4,3,6,2016-08-20,233,34
1203,5,3,6,2016-08-20,233,34
1203,6,3,6,2016-08-20,233,34
1203,8,3,6,2016-08-20,233,34
1203,9,3,6,2016-08-20,233,34
1203,10,3,6,2016-08-20,233,34
1204,10,3,7,2016-08-21,234,34
1205,1,2,1,2016-08-22,235,35
1205,2,2,1,2016-08-22,235,35
1205,3,2,1,2016-08-22,235,35
1205,4,2,1,2016-08-22,235,35
1205,5,2,1,2016-08-22,235,35
1205,6,2,1,2016-08-22,235,35
1205,7,2,1,2016-08-22,235,35
1205,8,2,1,2016-08-22,235,35
1205,9,2,1,2016-08-22,235,35
1205,10,2,1,2016-08-22,235,35
1206,1,2,2,2016-08-23,236,35
1206,2,2,2,2016-08-23,236,35
1206,3,2,2,2016-08-23,236,35
1206,4,2,2,2016-08-23,236,35
1206,5,2,2,2016-08-23,236,35
1206,6,2,2,2016-08-23,236,35
1206,7,2,2,2016-08-23,236,35
1206,8,2,2,2016-08-23,236,35
1206,9,2,2,2016-08-23,236,35
1206,10,2,2,2016-08-23,236,35
1207,1,2,3,2016-08-24,237,35
1207,2,2,3,2016-08-24,237,35
1207,3,2,3,2016-08-24,237,35
1207,4,2,3,2016-08-24,237,35
1207,5,2,3,2016-08-24,237,35
1207,6,2,3,2016-08-24,237,35
1207,7,2,3,2016-08-24,237,35
1207,8,2,3,2016-08-24,237,35
1207,9,2,3,2016-08-24,237,35
1207,10,2,3,2016-08-24,237,35
1208,1,2,4,2016-08-25,238,35
1208,2,2,4,2016-08-25,238,35
1208,3,2,4,2016-08-25,238,35
1208,4,2,4,2016-08-25,238,35
1208,5,2,4,2016-08-25,238,35
1208,6,2,4,2016-08-25,238,35
1208,7,2,4,2016-08-25,238,35
1208,8,2,4,2016-08-25,238,35
1208,9,2,4,2016-08-25,238,35
1208,10,2,4,2016-08-25,238,35
1209,1,2,5,2016-08-26,239,35
1209,2,2,5,2016-08-26,239,35
1209,3,2,5,2016-08-26,239,35
1209,4,2,5,2016-08-26,239,35
1209,5,2,5,2016-08-26,239,35
1209,6,2,5,2016-08-26,239,35
1209,7,2,5,2016-08-26,239,35
1209,8,2,5,2016-08-26,239,35
1209,9,2,5,2016-08-26,239,35
1209,10,2,5,2016-08-26,239,35
1210,1,3,6,2016-08-27,240,35
1210,2,3,6,2016-08-27,240,35
1210,3,3,6,2016-08-27,240,35
1210,4,3,6,2016-08-27,240,35
1210,5,3,6,2016-08-27,240,35
1210,6,3,6,2016-08-27,240,35
1210,7,3,6,2016-08-27,240,35
1210,8,3,6,2016-08-27,240,35
1210,9,3,6,2016-08-27,240,35
1210,10,3,6,2016-08-27,240,35
1211,6,3,7,2016-08-28,241,35
1212,1,2,1,2016-08-29,242,36
1212,2,2,1,2016-08-29,242,36
1212,3,2,1,2016-08-29,242,36
1212,4,2,1,2016-08-29,242,36
1212,5,2,1,2016-08-29,242,36
1212,6,2,1,2016-08-29,242,36
1212,7,2,1,2016-08-29,242,36
1212,8,2,1,2016-08-29,242,36
1212,9,2,1,2016-08-29,242,36
1212,10,2,1,2016-08-29,242,36
1213,1,2,2,2016-08-30,243,36
1213,2,2,2,2016-08-30,243,36
1213,3,2,2,2016-08-30,243,36
1213,4,2,2,2016-08-30,243,36
1213,5,2,2,2016-08-30,243,36
1213,6,2,2,2016-08-30,243,36
1213,7,2,2,2016-08-30,243,36
1213,8,2,2,2016-08-30,243,36
1213,9,2,2,2016-08-30,243,36
1213,10,2,2,2016-08-30,243,36
1214,1,2,3,2016-08-31,244,36
1214,2,2,3,2016-08-31,244,36
1214,3,2,3,2016-08-31,244,36
1214,4,2,3,2016-08-31,244,36
1214,5,2,3,2016-08-31,244,36
1214,6,2,3,2016-08-31,244,36
1214,7,2,3,2016-08-31,244,36
1214,8,2,3,2016-08-31,244,36
1214,9,2,3,2016-08-31,244,36
1214,10,2,3,2016-08-31,244,36
1215,1,2,4,2016-09-01,245,36
1215,3,2,4,2016-09-01,245,36
1215,4,2,4,2016-09-01,245,36
1215,5,2,4,2016-09-01,245,36
1215,6,2,4,2016-09-01,245,36
1215,7,2,4,2016-09-01,245,36
1215,8,2,4,2016-09-01,245,36
1215,9,2,4,2016-09-01,245,36
1215,10,2,4,2016-09-01,245,36
1216,1,2,5,2016-09-02,246,36
1216,2,2,5,2016-09-02,246,36
1216,3,2,5,2016-09-02,246,36
1216,4,2,5,2016-09-02,246,36
1216,5,2,5,2016-09-02,246,36
1216,6,2,5,2016-09-02,246,36
1216,7,2,5,2016-09-02,246,36
1216,8,2,5,2016-09-02,246,36
1216,9,2,5,2016-09-02,246,36
1216,10,2,5,2016-09-02,246,36
1217,1,3,6,2016-09-03,247,36
1217,2,3,6,2016-09-03,247,36
1217,3,3,6,2016-09-03,247,36
1217,4,3,6,2016-09-03,247,36
1217,5,3,6,2016-09-03,247,36
1217,6,3,6,2016-09-03,247,36
1217,7,3,6,2016-09-03,247,36
1217,8,3,6,2016-09-03,247,36
1217,9,3,6,2016-09-03,247,36
1217,10,3,6,2016-09-03,247,36
1218,7,3,7,2016-09-04,248,36
1219,1,2,1,2016-09-05,249,37
1219,2,2,1,2016-09-05,249,37
1219,3,2,1,2016-09-05,249,37
1219,4,2,1,2016-09-05,249,37
1219,5,2,1,2016-09-05,249,37
1219,6,2,1,2016-09-05,249,37
1219,7,2,1,2016-09-05,249,37
1219,8,2,1,2016-09-05,249,37
1219,9,2,1,2016-09-05,249,37
1219,10,2,1,2016-09-05,249,37
1220,1,2,2,2016-09-06,250,37
1220,2,2,2,2016-09-06,250,37
1220,3,2,2,2016-09-06,250,37
1220,4,2,2,2016-09-06,250,37
1220,5,2,2,2016-09-06,250,37
1220,6,2,2,2016-09-06,250,37
1220,7,2,2,2016-09-06,250,37
1220,8,2,2,2016-09-06,250,37
1220,9,2,2,2016-09-06,250,37
1220,10,2,2,2016-09-06,250,37
1221,1,2,3,2016-09-07,251,37
1221,2,2,3,2016-09-07,251,37
1221,3,2,3,2016-09-07,251,37
1221,4,2,3,2016-09-07,251,37
1221,5,2,3,2016-09-07,251,37
1221,6,2,3,2016-09-07,251,37
1221,7,2,3,2016-09-07,251,37
1221,8,2,3,2016-09-07,251,37
1221,9,2,3,2016-09-07,251,37
1221,10,2,3,2016-09-07,251,37
1222,1,2,4,2016-09-08,252,37
1222,2,2,4,2016-09-08,252,37
1222,3,2,4,2016-09-08,252,37
1222,4,2,4,2016-09-08,252,37
1222,5,2,4,2016-09-08,252,37
1222,6,2,4,2016-09-08,252,37
1222,7,2,4,2016-09-08,252,37
1222,8,2,4,2016-09-08,252,37
1222,9,2,4,2016-09-08,252,37
1222,10,2,4,2016-09-08,252,37
1223,1,2,5,2016-09-09,253,37
1223,2,2,5,2016-09-09,253,37
1223,3,2,5,2016-09-09,253,37
1223,4,2,5,2016-09-09,253,37
1223,5,2,5,2016-09-09,253,37
1223,6,2,5,2016-09-09,253,37
1223,7,2,5,2016-09-09,253,37
1223,8,2,5,2016-09-09,253,37
1223,9,2,5,2016-09-09,253,37
1223,10,2,5,2016-09-09,253,37
1224,1,3,6,2016-09-10,254,37
1224,2,3,6,2016-09-10,254,37
1224,3,3,6,2016-09-10,254,37
1224,4,3,6,2016-09-10,254,37
1224,5,3,6,2016-09-10,254,37
1224,6,3,6,2016-09-10,254,37
1224,7,3,6,2016-09-10,254,37
1224,8,3,6,2016-09-10,254,37
1224,9,3,6,2016-09-10,254,37
1224,10,3,6,2016-09-10,254,37
1225,1,2,1,2016-09-12,256,38
1225,2,2,1,2016-09-12,256,38
1225,3,2,1,2016-09-12,256,38
1225,4,2,1,2016-09-12,256,38
1225,5,2,1,2016-09-12,256,38
1225,6,2,1,2016-09-12,256,38
1225,7,2,1,2016-09-12,256,38
1225,8,2,1,2016-09-12,256,38
1225,9,2,1,2016-09-12,256,38
1225,10,2,1,2016-09-12,256,38
1226,1,2,2,2016-09-13,257,38
1226,2,2,2,2016-09-13,257,38
1226,3,2,2,2016-09-13,257,38
1226,4,2,2,2016-09-13,257,38
1226,5,2,2,2016-09-13,257,38
1226,6,2,2,2016-09-13,257,38
1226,7,2,2,2016-09-13,257,38
1226,8,2,2,2016-09-13,257,38
1226,9,2,2,2016-09-13,257,38
1226,10,2,2,2016-09-13,257,38
1227,1,2,3,2016-09-14,258,38
1227,2,2,3,2016-09-14,258,38
1227,3,2,3,2016-09-14,258,38
1227,4,2,3,2016-09-14,258,38
1227,5,2,3,2016-09-14,258,38
1227,6,2,3,2016-09-14,258,38
1227,7,2,3,2016-09-14,258,38
1227,8,2,3,2016-09-14,258,38
1227,9,2,3,2016-09-14,258,38
1227,10,2,3,2016-09-14,258,38
1228,5,1,4,2016-09-15,259,38
1228,9,1,4,2016-09-15,259,38
1228,10,1,4,2016-09-15,259,38
1229,6,1,6,2016-09-17,261,38
1229,10,1,6,2016-09-17,261,38
1230,1,0,7,2016-09-18,262,38
1230,2,0,7,2016-09-18,262,38
1230,3,0,7,2016-09-18,262,38
1230,4,0,7,2016-09-18,262,38
1230,5,0,7,2016-09-18,262,38
1230,6,0,7,2016-09-18,262,38
1230,7,0,7,2016-09-18,262,38
1230,8,0,7,2016-09-18,262,38
1230,9,0,7,2016-09-18,262,38
1230,10,0,7,2016-09-18,262,38
1231,1,2,1,2016-09-19,263,39
1231,2,2,1,2016-09-19,263,39
1231,3,2,1,2016-09-19,263,39
1231,4,2,1,2016-09-19,263,39
1231,5,2,1,2016-09-19,263,39
1231,6,2,1,2016-09-19,263,39
1231,7,2,1,2016-09-19,263,39
1231,8,2,1,2016-09-19,263,39
1231,9,2,1,2016-09-19,263,39
1231,10,2,1,2016-09-19,263,39
1232,1,2,2,2016-09-20,264,39
1232,2,2,2,2016-09-20,264,39
1232,3,2,2,2016-09-20,264,39
1232,4,2,2,2016-09-20,264,39
1232,5,2,2,2016-09-20,264,39
1232,6,2,2,2016-09-20,264,39
1232,7,2,2,2016-09-20,264,39
1232,8,2,2,2016-09-20,264,39
1232,9,2,2,2016-09-20,264,39
1232,10,2,2,2016-09-20,264,39
1233,1,2,3,2016-09-21,265,39
1233,2,2,3,2016-09-21,265,39
1233,3,2,3,2016-09-21,265,39
1233,4,2,3,2016-09-21,265,39
1233,5,2,3,2016-09-21,265,39
1233,6,2,3,2016-09-21,265,39
1233,7,2,3,2016-09-21,265,39
1233,8,2,3,2016-09-21,265,39
1233,9,2,3,2016-09-21,265,39
1233,10,2,3,2016-09-21,265,39
1234,1,2,4,2016-09-22,266,39
1234,2,2,4,2016-09-22,266,39
1234,3,2,4,2016-09-22,266,39
1234,4,2,4,2016-09-22,266,39
1234,5,2,4,2016-09-22,266,39
1234,6,2,4,2016-09-22,266,39
1234,7,2,4,2016-09-22,266,39
1234,8,2,4,2016-09-22,266,39
1234,9,2,4,2016-09-22,266,39
1234,10,2,4,2016-09-22,266,39
1235,1,2,5,2016-09-23,267,39
1235,2,2,5,2016-09-23,267,39
1235,4,2,5,2016-09-23,267,39
1235,5,2,5,2016-09-23,267,39
1235,6,2,5,2016-09-23,267,39
1235,7,2,5,2016-09-23,267,39
1235,8,2,5,2016-09-23,267,39
1235,9,2,5,2016-09-23,267,39
1235,10,2,5,2016-09-23,267,39
1236,1,3,6,2016-09-24,268,39
1236,2,3,6,2016-09-24,268,39
1236,4,3,6,2016-09-24,268,39
1236,5,3,6,2016-09-24,268,39
1236,6,3,6,2016-09-24,268,39
1236,9,3,6,2016-09-24,268,39
1237,1,2,1,2016-09-26,270,40
1237,2,2,1,2016-09-26,270,40
1237,3,2,1,2016-09-26,270,40
1237,4,2,1,2016-09-26,270,40
1237,5,2,1,2016-09-26,270,40
1237,6,2,1,2016-09-26,270,40
1237,7,2,1,2016-09-26,270,40
1237,8,2,1,2016-09-26,270,40
1237,9,2,1,2016-09-26,270,40
1237,10,2,1,2016-09-26,270,40
1238,2,2,2,2016-09-27,271,40
1238,3,2,2,2016-09-27,271,40
1238,4,2,2,2016-09-27,271,40
1238,5,2,2,2016-09-27,271,40
1238,6,2,2,2016-09-27,271,40
1238,7,2,2,2016-09-27,271,40
1238,9,2,2,2016-09-27,271,40
1238,10,2,2,2016-09-27,271,40
1239,1,2,3,2016-09-28,272,40
1239,2,2,3,2016-09-28,272,40
1239,3,2,3,2016-09-28,272,40
1239,4,2,3,2016-09-28,272,40
1239,6,2,3,2016-09-28,272,40
1239,7,2,3,2016-09-28,272,40
1239,8,2,3,2016-09-28,272,40
1239,9,2,3,2016-09-28,272,40
1239,10,2,3,2016-09-28,272,40
1240,1,2,4,2016-09-29,273,40
1240,2,2,4,2016-09-29,273,40
1240,3,2,4,2016-09-29,273,40
1240,4,2,4,2016-09-29,273,40
1240,6,2,4,2016-09-29,273,40
1240,7,2,4,2016-09-29,273,40
1240,8,2,4,2016-09-29,273,40
1240,9,2,4,2016-09-29,273,40
1240,10,2,4,2016-09-29,273,40
1241,1,2,5,2016-09-30,274,40
1241,2,2,5,2016-09-30,274,40
1241,3,2,5,2016-09-30,274,40
1241,4,2,5,2016-09-30,274,40
1241,6,2,5,2016-09-30,274,40
1241,9,2,5,2016-09-30,274,40
1242,1,1,2,2016-10-04,278,41
1242,5,1,2,2016-10-04,278,41
1242,6,1,2,2016-10-04,278,41
1242,9,1,2,2016-10-04,278,41
1243,6,1,3,2016-10-05,279,41
1243,8,1,3,2016-10-05,279,41
1243,9,1,3,2016-10-05,279,41
1243,10,1,3,2016-10-05,279,41
1244,2,1,4,2016-10-06,280,41
1244,3,1,4,2016-10-06,280,41
1244,4,1,4,2016-10-06,280,41
1244,6,1,4,2016-10-06,280,41
1244,8,1,4,2016-10-06,280,41
1244,10,1,4,2016-10-06,280,41
1245,2,1,5,2016-10-07,281,41
1245,4,1,5,2016-10-07,281,41
1245,6,1,5,2016-10-07,281,41
1245,8,1,5,2016-10-07,281,41
1245,9,1,5,2016-10-07,281,41
1245,10,1,5,2016-10-07,281,41
1246,1,0,6,2016-10-08,282,41
1246,2,0,6,2016-10-08,282,41
1246,3,0,6,2016-10-08,282,41
1246,4,0,6,2016-10-08,282,41
1246,5,0,6,2016-10-08,282,41
1246,6,0,6,2016-10-08,282,41
1246,7,0,6,2016-10-08,282,41
1246,8,0,6,2016-10-08,282,41
1246,9,0,6,2016-10-08,282,41
1246,10,0,6,2016-10-08,282,41
1247,1,0,7,2016-10-09,283,41
1247,2,0,7,2016-10-09,283,41
1247,3,0,7,2016-10-09,283,41
1247,4,0,7,2016-10-09,283,41
1247,5,0,7,2016-10-09,283,41
1247,6,0,7,2016-10-09,283,41
1247,7,0,7,2016-10-09,283,41
1247,8,0,7,2016-10-09,283,41
1247,9,0,7,2016-10-09,283,41
1247,10,0,7,2016-10-09,283,41
1248,1,2,1,2016-10-10,284,42
1248,2,2,1,2016-10-10,284,42
1248,3,2,1,2016-10-10,284,42
1248,4,2,1,2016-10-10,284,42
1248,5,2,1,2016-10-10,284,42
1248,6,2,1,2016-10-10,284,42
1248,7,2,1,2016-10-10,284,42
1248,8,2,1,2016-10-10,284,42
1248,9,2,1,2016-10-10,284,42
1248,10,2,1,2016-10-10,284,42
1249,1,2,2,2016-10-11,285,42
1249,2,2,2,2016-10-11,285,42
1249,3,2,2,2016-10-11,285,42
1249,4,2,2,2016-10-11,285,42
1249,5,2,2,2016-10-11,285,42
1249,6,2,2,2016-10-11,285,42
1249,7,2,2,2016-10-11,285,42
1249,8,2,2,2016-10-11,285,42
1249,9,2,2,2016-10-11,285,42
1249,10,2,2,2016-10-11,285,42
